{
    "4096.txt_1": {
        "d": 1,
        "message_size": 8191,
        "t": 15,
        "n": 4096,
        "q": null,
        "k": null,
        "signature_size": 3446,
        "sign": 8.495239815252798,
        "locate": 48.28891200825442
    },
    "4096.txt_2": {
        "d": 2,
        "message_size": 8191,
        "t": 64,
        "n": 4096,
        "q": 8,
        "k": 4,
        "signature_size": 6582,
        "sign": 16.062282662236047,
        "locate": 69.15945972916795
    },
    "4096.txt_7": {
        "d": 7,
        "message_size": 8191,
        "t": 256,
        "n": 4096,
        "q": 16,
        "k": 3,
        "signature_size": 18870,
        "sign": 48.12238402253544,
        "locate": 167.00771238357328
    },
    "4096.txt_63": {
        "d": 63,
        "message_size": 8191,
        "t": 4096,
        "n": 4096,
        "q": 64,
        "k": 2,
        "signature_size": 264630,
        "sign": 563.9821269738088,
        "locate": 2205.4929576707846
    }
}