{
    "4096.txt_1": {
        "d": 1,
        "message_size": 8191,
        "t": 15,
        "n": 4096,
        "q": null,
        "k": null,
        "signature_size": 3446,
        "sign": 8.784258330378261,
        "locate": 48.01869700167544,
        "verify": 0.055781113273760376,
        "verify_raw": 0.058751200064580136
    },
    "4096.txt_2": {
        "d": 2,
        "message_size": 8191,
        "t": 64,
        "n": 4096,
        "q": 8,
        "k": 4,
        "signature_size": 6582,
        "sign": 16.89525989075657,
        "locate": 67.82751922601366,
        "verify": 0.06967254665172003,
        "verify_raw": 0.07001953128492225
    },
    "4096.txt_7": {
        "d": 7,
        "message_size": 8191,
        "t": 256,
        "n": 4096,
        "q": 16,
        "k": 3,
        "signature_size": 18870,
        "sign": 48.86433673394316,
        "locate": 161.07435189957354,
        "verify": 0.10415885473144934,
        "verify_raw": 0.07183582942417448
    },
    "4096.txt_63": {
        "d": 63,
        "message_size": 8191,
        "t": 4096,
        "n": 4096,
        "q": 64,
        "k": 2,
        "signature_size": 264630,
        "sign": 570.2682100102404,
        "locate": 2135.3520255257617,
        "verify": 0.479985425866506,
        "verify_raw": 0.070910415544493
    }
}