{
    "2401.txt_2": {
        "d": 2,
        "message_size": 4801,
        "t": 49,
        "n": 2401,
        "q": 7,
        "k": 4,
        "signature_size": 5622,
        "sign": 7.72660480743782,
        "locate": 27.854256603488597
    },
    "6561.txt_2": {
        "d": 2,
        "message_size": 13121,
        "t": 81,
        "n": 6561,
        "q": 9,
        "k": 4,
        "signature_size": 7670,
        "sign": 31.215291081646424,
        "locate": 159.32729470038248
    },
    "14641.txt_3": {
        "d": 3,
        "message_size": 29281,
        "t": 121,
        "n": 14641,
        "q": 11,
        "k": 4,
        "signature_size": 10230,
        "sign": 95.2739765164479,
        "locate": 614.5322162174939
    },
    "28561.txt_4": {
        "d": 4,
        "message_size": 57121,
        "t": 169,
        "n": 28561,
        "q": 13,
        "k": 4,
        "signature_size": 13302,
        "sign": 244.38399515218322,
        "locate": 2067.5442602371095
    }
}