{
    "2401.txt_2": {
        "d": 2,
        "message_size": 4801,
        "t": 49,
        "n": 2401,
        "q": 7,
        "k": 4,
        "signature_size": 5622,
        "sign": 7.80164060667955,
        "locate": 27.57834839404679,
        "verify": 0.05173155529209588,
        "verify_raw": 0.06566921783861066
    },
    "6561.txt_2": {
        "d": 2,
        "message_size": 13121,
        "t": 81,
        "n": 6561,
        "q": 9,
        "k": 4,
        "signature_size": 7670,
        "sign": 31.56288980188833,
        "locate": 160.5028714492737,
        "verify": 0.09992381173293347,
        "verify_raw": 0.08141321639299662
    },
    "14641.txt_3": {
        "d": 3,
        "message_size": 29281,
        "t": 121,
        "n": 14641,
        "q": 11,
        "k": 4,
        "signature_size": 10230,
        "sign": 99.36736622944152,
        "locate": 611.174961680119,
        "verify": 0.1410950562016692,
        "verify_raw": 0.08622336823472582
    },
    "28561.txt_4": {
        "d": 4,
        "message_size": 57121,
        "t": 169,
        "n": 28561,
        "q": 13,
        "k": 4,
        "signature_size": 13302,
        "sign": 247.9566814347351,
        "locate": 2060.94808831128,
        "verify": 0.2018550215675448,
        "verify_raw": 0.1353006728402234
    }
}